{"stats":{"minecraft:mined":{"gravestone:gravestone":1},"minecraft:killed_by":{"minecraft:player":1},"minecraft:killed":{"alexsmobs:skreecher":1,"minecraft:zombie":1},"minecraft:dropped":{"minecraft:painting":1,"alexsmobs:warped_muscle":1,"alexsmobs:animal_dictionary":2,"minecraft:trapped_chest":1,"minecraft:pumpkin_seeds":33},"minecraft:picked_up":{"alexsmobs:warped_muscle":2,"alexsmobs:skreecher_soul":1,"minecraft:painting":2,"alexsmobs:animal_dictionary":1},"minecraft:used":{"securitycraft:stone_mine":4,"securitycraft:camera_monitor":1,"alexsmobs:spawn_egg_skreecher":2,"alexsmobs:spawn_egg_crow":3,"alexsmobs:spawn_egg_hummingbird":2,"minecraft:trapped_chest":1,"alexsmobs:animal_dictionary":2,"securitycraft:remote_access_mine":6,"securitycraft:security_camera":1,"create:large_water_wheel":6},"minecraft:custom":{"minecraft:time_since_rest":7485,"minecraft:deaths":1,"minecraft:damage_taken":672,"minecraft:crouch_one_cm":1259,"minecraft:play_time":22952,"minecraft:sprint_one_cm":16423,"minecraft:walk_one_cm":39806,"minecraft:sneak_time":1103,"minecraft:trigger_trapped_chest":3,"minecraft:mob_kills":3,"minecraft:drop":38,"minecraft:jump":81,"minecraft:damage_dealt":184,"minecraft:time_since_death":7455,"minecraft:total_world_time":22952,"minecraft:fall_one_cm":2276,"minecraft:fly_one_cm":7666}},"DataVersion":3465}