{"stats":{"minecraft:dropped":{"minecraft:painting":1},"minecraft:used":{"alexsmobs:spawn_egg_hummingbird":1,"alexsmobs:spawn_egg_skreecher":1,"securitycraft:camera_monitor":1,"alexsmobs:animal_dictionary":2,"securitycraft:security_camera":1,"securitycraft:stone_mine":1,"create:large_water_wheel":6},"minecraft:picked_up":{"alexsmobs:warped_muscle":1,"minecraft:painting":2},"minecraft:custom":{"minecraft:jump":46,"minecraft:time_since_rest":10952,"minecraft:damage_dealt":32,"minecraft:crouch_one_cm":551,"minecraft:sprint_one_cm":6857,"minecraft:play_time":10952,"minecraft:time_since_death":10952,"minecraft:walk_one_cm":16733,"minecraft:sneak_time":439,"minecraft:total_world_time":10952,"minecraft:mob_kills":1,"minecraft:drop":1,"minecraft:fall_one_cm":536,"minecraft:fly_one_cm":6086}},"DataVersion":3465}