{"stats":{"minecraft:mined":{"gravestone:gravestone":1},"minecraft:killed_by":{"minecraft:player":1},"minecraft:killed":{"minecraft:zombie":1,"alexsmobs:skreecher":1,"minecraft:wither_skeleton":1,"minecraft:squid":1},"minecraft:dropped":{"alexsmobs:warped_muscle":1,"minecraft:wheat_seeds":28,"alexsmobs:spawn_egg_crow":1,"alexsmobs:animal_dictionary":2,"minecraft:beetroot_seeds":1,"securitycraft:taser":3,"minecraft:painting":1,"minecraft:torchflower_seeds":3,"minecraft:magma_cube_spawn_egg":4,"minecraft:trapped_chest":1,"minecraft:pumpkin_seeds":42},"minecraft:picked_up":{"alexsmobs:warped_muscle":2,"securitycraft:taser":3,"alexsmobs:skreecher_soul":1,"minecraft:torchflower_seeds":2,"minecraft:ink_sac":1,"minecraft:magma_cube_spawn_egg":4,"alexsmobs:animal_dictionary":1,"minecraft:bone":1,"minecraft:pumpkin_seeds":37,"minecraft:wheat_seeds":8,"minecraft:painting":2},"minecraft:used":{"securitycraft:stone_mine":4,"securitycraft:camera_monitor":1,"alexsmobs:spawn_egg_hummingbird":2,"securitycraft:remote_access_mine":6,"minecraft:wither_skeleton_spawn_egg":1,"securitycraft:security_camera":1,"create:large_water_wheel":6,"alexsmobs:spawn_egg_skreecher":2,"alexsmobs:animal_dictionary":2,"alexsmobs:spawn_egg_crow":3,"minecraft:trapped_chest":1,"minecraft:mule_spawn_egg":1,"minecraft:squid_spawn_egg":1},"minecraft:custom":{"minecraft:time_since_rest":15541,"minecraft:sprint_one_cm":35159,"minecraft:damage_taken":672,"minecraft:walk_one_cm":51111,"minecraft:trigger_trapped_chest":3,"minecraft:mob_kills":5,"minecraft:drop":85,"minecraft:damage_dealt":184,"minecraft:fly_one_cm":12979,"minecraft:crouch_one_cm":1301,"minecraft:play_time":31008,"minecraft:deaths":1,"minecraft:sneak_time":1117,"minecraft:jump":114,"minecraft:leave_game":2,"minecraft:time_since_death":15511,"minecraft:total_world_time":31008,"minecraft:fall_one_cm":2276}},"DataVersion":3465}