{"stats":{"minecraft:custom":{"minecraft:time_since_rest":29412,"minecraft:sprint_one_cm":46872,"minecraft:damage_taken":672,"minecraft:walk_one_cm":64873,"minecraft:trigger_trapped_chest":3,"minecraft:mob_kills":5,"minecraft:drop":99,"minecraft:damage_dealt":184,"minecraft:fly_one_cm":26652,"minecraft:crouch_one_cm":1543,"minecraft:play_time":44879,"minecraft:deaths":1,"minecraft:sneak_time":1202,"minecraft:jump":150,"minecraft:leave_game":4,"minecraft:time_since_death":29382,"minecraft:total_world_time":44879,"minecraft:fall_one_cm":2276},"minecraft:killed":{"minecraft:zombie":1,"alexsmobs:skreecher":1,"minecraft:wither_skeleton":1,"minecraft:squid":1},"minecraft:picked_up":{"nameless_trinkets:creeper_sense":2,"alexsmobs:warped_muscle":3,"securitycraft:taser":3,"alexsmobs:skreecher_soul":1,"minecraft:torchflower_seeds":2,"minecraft:ink_sac":2,"minecraft:magma_cube_spawn_egg":6,"alexsmobs:animal_dictionary":1,"minecraft:pumpkin_seeds":37,"nameless_trinkets:explosion_proof_jacket":1,"minecraft:bone":2,"minecraft:wheat_seeds":9,"minecraft:painting":2,"mcwdoors:spruce_glass_door":1,"sophisticatedbackpacks:netherite_backpack":2},"minecraft:killed_by":{"minecraft:player":1},"minecraft:used":{"securitycraft:stone_mine":4,"securitycraft:camera_monitor":1,"mcwdoors:spruce_glass_door":1,"alexsmobs:spawn_egg_hummingbird":2,"securitycraft:remote_access_mine":6,"minecraft:wither_skeleton_spawn_egg":1,"securitycraft:security_camera":1,"create:large_water_wheel":6,"alexsmobs:spawn_egg_skreecher":2,"mcwdoors:acacia_japanese2_door":7,"alexsmobs:animal_dictionary":2,"alexsmobs:spawn_egg_crow":3,"minecraft:trapped_chest":1,"minecraft:mule_spawn_egg":1,"minecraft:squid_spawn_egg":1},"minecraft:dropped":{"nameless_trinkets:explosion_proof_jacket":1,"securitycraft:remote_access_mine":1,"alexsmobs:warped_muscle":2,"minecraft:wheat_seeds":29,"alexsmobs:spawn_egg_crow":1,"mcwdoors:acacia_japanese2_door":1,"minecraft:ink_sac":1,"alexsmobs:animal_dictionary":2,"mcwdoors:spruce_glass_door":1,"minecraft:mule_spawn_egg":1,"minecraft:beetroot_seeds":1,"nameless_trinkets:creeper_sense":2,"sophisticatedbackpacks:netherite_backpack":2,"securitycraft:taser":3,"minecraft:painting":1,"minecraft:trapped_chest":1,"minecraft:magma_cube_spawn_egg":6,"minecraft:torchflower_seeds":3,"minecraft:pumpkin_seeds":42,"minecraft:bone":1}},"DataVersion":3465}