{"stats":{"minecraft:used":{"securitycraft:sentry":3,"securitycraft:keypad":3,"minecraft:skeleton_spawn_egg":2,"securitycraft:security_camera":2,"securitycraft:secure_redstone_interface":5,"securitycraft:scanner_door_item":3},"minecraft:picked_up":{"securitycraft:sentry":3},"minecraft:custom":{"minecraft:jump":28,"minecraft:time_since_rest":15405,"minecraft:crouch_one_cm":13,"minecraft:leave_game":3,"minecraft:play_time":15405,"minecraft:sprint_one_cm":1228,"minecraft:time_since_death":15405,"minecraft:walk_one_cm":7116,"minecraft:sneak_time":11,"minecraft:total_world_time":15405,"minecraft:fly_one_cm":4017}},"DataVersion":3465}