{"stats":{"minecraft:used":{"securitycraft:sentry":3,"securitycraft:keypad":4,"minecraft:magma_block":12,"minecraft:skeleton_spawn_egg":2,"alexsmobs:spawn_egg_gazelle":2,"create:water_wheel":2,"securitycraft:security_camera":2,"securitycraft:secure_redstone_interface":5,"securitycraft:scanner_door_item":3,"create:large_water_wheel":8},"minecraft:picked_up":{"securitycraft:sentry":3},"minecraft:custom":{"minecraft:time_since_rest":24745,"minecraft:crouch_one_cm":508,"minecraft:sprint_one_cm":2001,"minecraft:play_time":24745,"minecraft:walk_one_cm":11965,"minecraft:sneak_time":422,"minecraft:drop":1,"minecraft:jump":49,"minecraft:damage_dealt":10,"minecraft:leave_game":4,"minecraft:time_since_death":24745,"minecraft:total_world_time":24745,"minecraft:fly_one_cm":94406},"minecraft:dropped":{"minecraft:magma_block":1}},"DataVersion":3465}