{"stats":{"minecraft:mined":{"gravestone:gravestone":1},"minecraft:killed":{"alexsmobs:hummingbird":1,"minecraft:zombie":1,"minecraft:creeper":1},"minecraft:dropped":{"minecraft:wheat_seeds":11,"minecraft:painting":1,"minecraft:magma_block":1,"minecraft:pumpkin_seeds":1},"minecraft:picked_up":{"alexsmobs:hemolymph_sac":4,"minecraft:trapped_chest":1,"minecraft:dirt":16,"securitycraft:sentry":3,"minecraft:rotten_flesh":2,"minecraft:wheat_seeds":31,"minecraft:oak_sapling":2},"minecraft:used":{"securitycraft:camera_monitor":1,"minecraft:netherite_sword":13,"create:water_wheel":6,"securitycraft:security_camera":3,"create:large_water_wheel":8,"securitycraft:secure_redstone_interface":5,"securitycraft:scanner_door_item":4,"securitycraft:sentry":3,"securitycraft:keypad":5,"alexsmobs:spawn_egg_warped_mosco":1,"minecraft:magma_block":12,"minecraft:skeleton_spawn_egg":2,"alexsmobs:spawn_egg_crow":1,"securitycraft:cage_trap":1,"alexsmobs:spawn_egg_crimson_mosquito":1,"alexsmobs:spawn_egg_gazelle":3,"securitycraft:wire_cutters":1,"minecraft:painting":18},"minecraft:custom":{"minecraft:time_since_rest":13378,"minecraft:sprint_one_cm":7614,"minecraft:walk_one_cm":65119,"minecraft:damage_taken":800,"minecraft:trigger_trapped_chest":1,"minecraft:mob_kills":3,"minecraft:drop":14,"minecraft:damage_dealt":706,"minecraft:fly_one_cm":137445,"minecraft:player_kills":1,"minecraft:crouch_one_cm":1344,"minecraft:play_time":55063,"minecraft:deaths":1,"minecraft:sneak_time":1387,"minecraft:jump":133,"minecraft:leave_game":8,"minecraft:time_since_death":13341,"minecraft:total_world_time":55063,"minecraft:fall_one_cm":1455}},"DataVersion":3465}