{"stats":{"minecraft:used":{"securitycraft:sentry":3,"securitycraft:keypad":3,"minecraft:skeleton_spawn_egg":2,"securitycraft:security_camera":2,"securitycraft:secure_redstone_interface":5,"securitycraft:scanner_door_item":3},"minecraft:custom":{"minecraft:jump":22,"minecraft:time_since_rest":14003,"minecraft:crouch_one_cm":13,"minecraft:leave_game":2,"minecraft:play_time":14003,"minecraft:sprint_one_cm":893,"minecraft:time_since_death":14003,"minecraft:walk_one_cm":6234,"minecraft:sneak_time":11,"minecraft:total_world_time":14003,"minecraft:fly_one_cm":3018}},"DataVersion":3465}