{"stats":{"minecraft:custom":{"minecraft:time_since_rest":58838,"minecraft:sprint_one_cm":24413,"minecraft:walk_one_cm":82115,"minecraft:damage_taken":800,"minecraft:trigger_trapped_chest":1,"minecraft:mob_kills":3,"minecraft:drop":15,"minecraft:damage_dealt":736,"minecraft:fly_one_cm":365616,"minecraft:player_kills":1,"minecraft:crouch_one_cm":1442,"minecraft:play_time":100523,"minecraft:deaths":1,"minecraft:sneak_time":1631,"minecraft:jump":311,"minecraft:leave_game":22,"minecraft:time_since_death":58801,"minecraft:total_world_time":100523,"minecraft:fall_one_cm":1455},"minecraft:killed":{"alexsmobs:hummingbird":1,"minecraft:zombie":1,"minecraft:creeper":1},"minecraft:picked_up":{"nameless_trinkets:creeper_sense":1,"alexsmobs:hemolymph_sac":4,"minecraft:oak_log":1,"minecraft:trapped_chest":1,"minecraft:dirt":32,"securitycraft:sentry":3,"minecraft:rotten_flesh":2,"minecraft:wheat_seeds":31,"minecraft:oak_sapling":3,"minecraft:mutton":2,"minecraft:white_wool":1},"minecraft:used":{"minecraft:netherite_sword":13,"securitycraft:camera_monitor":1,"bbb:iron_fence":6,"mcwfurnitures:oak_bookshelf_drawer":1,"supplementaries:end_stone_lamp":1,"create:water_wheel":6,"securitycraft:security_camera":6,"securitycraft:secure_redstone_interface":5,"securitycraft:scanner_door_item":4,"create:large_water_wheel":8,"securitycraft:sentry":3,"securitycraft:keypad":5,"alexsmobs:spawn_egg_warped_mosco":1,"minecraft:magma_block":12,"minecraft:skeleton_spawn_egg":2,"alexsmobs:spawn_egg_crow":1,"securitycraft:cage_trap":1,"alexsmobs:spawn_egg_crimson_mosquito":1,"alexsmobs:spawn_egg_gazelle":3,"minecraft:painting":18,"securitycraft:wire_cutters":1},"minecraft:dropped":{"minecraft:wheat_seeds":11,"nameless_trinkets:creeper_sense":1,"minecraft:painting":1,"minecraft:magma_block":1,"minecraft:pumpkin_seeds":1}},"DataVersion":3465}