{"stats":{"minecraft:dropped":{"minecraft:painting":1,"minecraft:magma_block":1},"minecraft:used":{"securitycraft:sentry":3,"securitycraft:camera_monitor":1,"securitycraft:keypad":5,"alexsmobs:spawn_egg_warped_mosco":1,"minecraft:magma_block":12,"minecraft:skeleton_spawn_egg":2,"alexsmobs:spawn_egg_crimson_mosquito":1,"alexsmobs:spawn_egg_gazelle":3,"create:water_wheel":6,"minecraft:painting":18,"securitycraft:wire_cutters":1,"securitycraft:security_camera":3,"securitycraft:secure_redstone_interface":5,"securitycraft:scanner_door_item":3,"create:large_water_wheel":8},"minecraft:picked_up":{"securitycraft:sentry":3,"alexsmobs:hemolymph_sac":4},"minecraft:custom":{"minecraft:time_since_rest":39160,"minecraft:crouch_one_cm":668,"minecraft:sprint_one_cm":4847,"minecraft:play_time":39160,"minecraft:walk_one_cm":39123,"minecraft:sneak_time":649,"minecraft:drop":2,"minecraft:jump":87,"minecraft:damage_dealt":10,"minecraft:leave_game":7,"minecraft:time_since_death":39160,"minecraft:total_world_time":39160,"minecraft:fly_one_cm":131585}},"DataVersion":3465}