{"stats":{"minecraft:picked_up":{"alexsmobs:hemolymph_sac":4,"minecraft:oak_log":1,"minecraft:trapped_chest":1,"minecraft:dirt":32,"securitycraft:sentry":3,"minecraft:rotten_flesh":2,"minecraft:wheat_seeds":31,"minecraft:oak_sapling":3},"minecraft:used":{"securitycraft:camera_monitor":1,"minecraft:netherite_sword":13,"create:water_wheel":6,"securitycraft:security_camera":6,"securitycraft:secure_redstone_interface":5,"securitycraft:scanner_door_item":4,"create:large_water_wheel":8,"securitycraft:sentry":3,"securitycraft:keypad":5,"alexsmobs:spawn_egg_warped_mosco":1,"minecraft:magma_block":12,"minecraft:skeleton_spawn_egg":2,"alexsmobs:spawn_egg_crow":1,"securitycraft:cage_trap":1,"alexsmobs:spawn_egg_crimson_mosquito":1,"alexsmobs:spawn_egg_gazelle":3,"minecraft:painting":18,"securitycraft:wire_cutters":1},"minecraft:dropped":{"minecraft:wheat_seeds":11,"minecraft:painting":1,"minecraft:magma_block":1,"minecraft:pumpkin_seeds":1},"minecraft:killed":{"alexsmobs:hummingbird":1,"minecraft:zombie":1,"minecraft:creeper":1},"minecraft:custom":{"minecraft:time_since_rest":17502,"minecraft:sprint_one_cm":9188,"minecraft:damage_taken":800,"minecraft:walk_one_cm":67874,"minecraft:trigger_trapped_chest":1,"minecraft:mob_kills":3,"minecraft:drop":14,"minecraft:damage_dealt":716,"minecraft:player_kills":1,"minecraft:fly_one_cm":139119,"minecraft:crouch_one_cm":1346,"minecraft:play_time":59187,"minecraft:deaths":1,"minecraft:sneak_time":1398,"minecraft:jump":145,"minecraft:leave_game":14,"minecraft:time_since_death":17465,"minecraft:total_world_time":59187,"minecraft:fall_one_cm":1455}},"DataVersion":3465}