{"stats":{"minecraft:dropped":{"minecraft:magma_block":1},"minecraft:used":{"securitycraft:sentry":3,"securitycraft:keypad":5,"minecraft:magma_block":12,"minecraft:skeleton_spawn_egg":2,"alexsmobs:spawn_egg_gazelle":2,"create:water_wheel":2,"securitycraft:security_camera":2,"securitycraft:secure_redstone_interface":5,"securitycraft:scanner_door_item":3,"create:large_water_wheel":8},"minecraft:picked_up":{"securitycraft:sentry":3},"minecraft:custom":{"minecraft:time_since_rest":26633,"minecraft:crouch_one_cm":508,"minecraft:sprint_one_cm":2305,"minecraft:play_time":26633,"minecraft:walk_one_cm":12449,"minecraft:sneak_time":481,"minecraft:drop":1,"minecraft:jump":56,"minecraft:damage_dealt":10,"minecraft:leave_game":6,"minecraft:time_since_death":26633,"minecraft:total_world_time":26633,"minecraft:fly_one_cm":97893}},"DataVersion":3465}