{"stats":{"minecraft:dropped":{"minecraft:magma_block":1},"minecraft:custom":{"minecraft:time_since_rest":26057,"minecraft:crouch_one_cm":508,"minecraft:sprint_one_cm":2001,"minecraft:play_time":26057,"minecraft:walk_one_cm":11985,"minecraft:sneak_time":481,"minecraft:drop":1,"minecraft:jump":49,"minecraft:damage_dealt":10,"minecraft:leave_game":5,"minecraft:time_since_death":26057,"minecraft:total_world_time":26057,"minecraft:fly_one_cm":96136},"minecraft:used":{"securitycraft:sentry":3,"securitycraft:keypad":4,"minecraft:magma_block":12,"minecraft:skeleton_spawn_egg":2,"alexsmobs:spawn_egg_gazelle":2,"create:water_wheel":2,"securitycraft:security_camera":2,"securitycraft:secure_redstone_interface":5,"securitycraft:scanner_door_item":3,"create:large_water_wheel":8},"minecraft:picked_up":{"securitycraft:sentry":3}},"DataVersion":3465}