{
  "create:root": {
    "criteria": {
      "0": "2024-06-28 15:31:24 +0000"
    },
    "done": true
  },
  "minecraft:recipes/decorations/crafting_table": {
    "criteria": {
      "unlock_right_away": "2024-06-28 15:31:24 +0000"
    },
    "done": true
  },
  "solcarrot:recipes/food_book": {
    "criteria": {
      "has_book": "2024-06-28 15:31:24 +0000",
      "has_carrot": "2024-06-28 15:31:24 +0000"
    },
    "done": true
  },
  "minecraft:adventure/root": {
    "criteria": {
      "killed_something": "2024-06-28 15:32:11 +0000"
    },
    "done": true
  },
  "nameless_trinkets:obtain/creeper_sense": {
    "criteria": {
      "creeper_sense": "2024-06-28 15:35:51 +0000"
    },
    "done": true
  },
  "nameless_trinkets:obtain/root": {
    "criteria": {
      "obtain": "2024-06-28 15:35:51 +0000"
    },
    "done": true
  },
  "alexsmobs:alexsmobs/root": {
    "criteria": {
      "useitem": "2024-06-28 15:32:01 +0000"
    },
    "done": true
  },
  "minecraft:husbandry/root": {
    "criteria": {
      "consumed_item": "2024-06-28 15:32:01 +0000"
    },
    "done": true
  },
  "minecraft:adventure/adventuring_time": {
    "criteria": {
      "minecraft:taiga": "2024-06-28 15:31:39 +0000",
      "minecraft:forest": "2024-06-28 15:31:25 +0000"
    },
    "done": false
  },
  "nameless_trinkets:obtain/explosion_proof_jacket": {
    "criteria": {
      "explosion_proof_jacket": "2024-06-28 15:37:15 +0000"
    },
    "done": true
  },
  "DataVersion": 3465
}