{
  "minecraft:recipes/decorations/crafting_table": {
    "criteria": {
      "unlock_right_away": "2024-06-28 07:42:31 +0000"
    },
    "done": true
  },
  "minecraft:adventure/adventuring_time": {
    "criteria": {
      "minecraft:taiga": "2024-06-28 09:22:50 +0000",
      "minecraft:birch_forest": "2024-06-28 09:23:03 +0000",
      "minecraft:beach": "2024-06-28 07:44:03 +0000",
      "minecraft:river": "2024-06-28 09:23:26 +0000",
      "minecraft:cold_ocean": "2024-06-28 15:36:14 +0000",
      "minecraft:forest": "2024-06-28 07:42:31 +0000"
    },
    "done": false
  },
  "securitycraft:recipes/tools/remote_access_sentry": {
    "criteria": {
      "has_sentry": "2024-06-28 07:56:54 +0000"
    },
    "done": true
  },
  "create:root": {
    "criteria": {
      "0": "2024-06-28 09:16:59 +0000"
    },
    "done": true
  },
  "solcarrot:recipes/food_book": {
    "criteria": {
      "has_book": "2024-06-28 09:16:59 +0000",
      "has_carrot": "2024-06-28 09:16:59 +0000"
    },
    "done": true
  },
  "create:recipes/misc/crafting/kinetics/large_water_wheel": {
    "criteria": {
      "has_item": "2024-06-28 09:20:19 +0000"
    },
    "done": true
  },
  "minecraft:recipes/decorations/chest": {
    "criteria": {
      "has_lots_of_items": "2024-06-28 15:37:13 +0000"
    },
    "done": true
  },
  "minecraft:adventure/kill_all_mobs": {
    "criteria": {
      "minecraft:creeper": "2024-06-28 15:45:16 +0000",
      "minecraft:zombie": "2024-06-28 15:44:51 +0000"
    },
    "done": false
  },
  "minecraft:adventure/root": {
    "criteria": {
      "killed_something": "2024-06-28 15:44:17 +0000"
    },
    "done": true
  },
  "nameless_trinkets:obtain/creeper_sense": {
    "criteria": {
      "creeper_sense": "2024-06-28 15:36:01 +0000"
    },
    "done": true
  },
  "minecraft:recipes/decorations/barrel": {
    "criteria": {
      "has_wood_slab": "2024-06-28 15:41:01 +0000"
    },
    "done": true
  },
  "nameless_trinkets:obtain/root": {
    "criteria": {
      "obtain": "2024-06-28 15:36:01 +0000"
    },
    "done": true
  },
  "minecraft:recipes/decorations/composter": {
    "criteria": {
      "has_wood_slab": "2024-06-28 15:41:01 +0000"
    },
    "done": true
  },
  "minecraft:adventure/kill_a_mob": {
    "criteria": {
      "minecraft:zombie": "2024-06-28 15:44:51 +0000"
    },
    "done": true
  },
  "DataVersion": 3465
}