{
  "minecraft:recipes/decorations/crafting_table": {
    "criteria": {
      "unlock_right_away": "2024-06-28 07:42:31 +0000"
    },
    "done": true
  },
  "minecraft:adventure/adventuring_time": {
    "criteria": {
      "minecraft:taiga": "2024-06-28 09:22:50 +0000",
      "minecraft:birch_forest": "2024-06-28 09:23:03 +0000",
      "minecraft:beach": "2024-06-28 07:44:03 +0000",
      "minecraft:river": "2024-06-28 09:23:26 +0000",
      "minecraft:forest": "2024-06-28 07:42:31 +0000"
    },
    "done": false
  },
  "securitycraft:recipes/tools/remote_access_sentry": {
    "criteria": {
      "has_sentry": "2024-06-28 07:56:54 +0000"
    },
    "done": true
  },
  "create:root": {
    "criteria": {
      "0": "2024-06-28 09:16:59 +0000"
    },
    "done": true
  },
  "solcarrot:recipes/food_book": {
    "criteria": {
      "has_book": "2024-06-28 09:16:59 +0000",
      "has_carrot": "2024-06-28 09:16:59 +0000"
    },
    "done": true
  },
  "create:recipes/misc/crafting/kinetics/large_water_wheel": {
    "criteria": {
      "has_item": "2024-06-28 09:20:19 +0000"
    },
    "done": true
  },
  "DataVersion": 3465
}